TransactionID,Date,Amount,Narration
TXN1001,2026-08-21,22452.78,Settlement for ORD1001 / PAY1001
TXN1002,2026-08-20,18080.22,Settlement for ORD1002 / PAY1002
TXN1003,2026-08-22,14626.32,Settlement for ORD1003 / PAY1003
TXN1004,2026-08-22,19197.12,Settlement for ORD1004 / PAY1004
TXN1005,2026-08-20,14874.47,Settlement for ORD1005 / PAY1005
TXN1006,2026-08-21,2258.25,Settlement for ORD1006 / PAY1006
TXN1007,2026-08-21,18894.65,Settlement for ORD1007 / PAY1007
TXN1008,2026-08-21,20268.4,Settlement for ORD1008 / PAY1008
TXN1009,2026-08-21,19375.76,Settlement for ORD1009 / PAY1009
TXN1010,2026-08-21,21944.34,Settlement for ORD1010 / PAY1010
TXN1011,2026-08-20,24272.5,Settlement for ORD1011 / PAY1011
TXN1012,2026-08-21,21938.0,Settlement for ORD1012 / PAY1012
TXN1013,2026-08-21,8381.66,Settlement for ORD1013 / PAY1013
TXN1014,2026-08-21,16824.67,Settlement for ORD1014 / PAY1014
TXN1015,2026-08-20,1435.07,Settlement for ORD1015 / PAY1015
TXN1016,2026-08-21,9648.16,Settlement for ORD1016 / PAY1016
TXN1017,2026-08-21,919.02,Settlement for ORD1017 / PAY1017
TXN1018,2026-08-21,21693.38,Settlement for ORD1018 / PAY1018
TXN1019,2026-08-20,23509.44,Settlement for ORD1019 / PAY1019
TXN1020,2026-08-22,17752.82,Settlement for ORD1020 / PAY1020
TXN1021,2026-08-20,2077.96,Settlement for ORD1021 / PAY1021
TXN1022,2026-08-21,18957.23,Settlement for ORD1022 / PAY1022
TXN1023,2026-08-21,9313.63,Settlement for ORD1023 / PAY1023
TXN1024,2026-08-21,9671.88,Settlement for ORD1024 / PAY1024
TXN1025,2026-08-22,5180.01,Settlement for ORD1025 / PAY1025
TXN1026,2026-08-21,11561.14,Settlement for ORD1026 / PAY1026
TXN1027,2026-08-21,1664.49,Settlement for ORD1027 / PAY1027
TXN1028,2026-08-22,18179.84,Settlement for ORD1028 / PAY1028
TXN1029,2026-08-21,9267.13,Settlement for ORD1029 / PAY1029
TXN1030,2026-08-20,18542.65,Settlement for ORD1030 / PAY1030
TXN1031,2026-08-21,20553.53,Settlement for ORD1031 / PAY1031
TXN1032,2026-08-21,8369.83,Settlement for ORD1032 / PAY1032
TXN1033,2026-08-21,10332.66,Settlement for ORD1033 / PAY1033
TXN1034,2026-08-22,4421.05,Settlement for ORD1034 / PAY1034
TXN1035,2026-08-22,14974.52,Settlement for ORD1035 / PAY1035
TXN1036,2026-08-23,16043.61,Settlement for ORD1036 / PAY1036
TXN1037,2026-08-23,2387.04,Settlement for ORD1037 / PAY1037
TXN1038,2026-08-22,2954.53,Settlement for ORD1038 / PAY1038
TXN1039,2026-08-21,3128.27,Settlement for ORD1039 / PAY1039
TXN1040,2026-08-22,522.99,Settlement for ORD1040 / PAY1040
TXN1041,2026-08-22,2369.36,Settlement for ORD1041 / PAY1041
TXN1042,2026-08-22,582.45,Settlement for ORD1042 / PAY1042
TXN1043,2026-08-23,15694.6,Settlement for ORD1043 / PAY1043
TXN1044,2026-08-21,16604.96,Settlement for ORD1044 / PAY1044
TXN1045,2026-08-22,13450.25,Settlement for ORD1045 / PAY1045
TXN1046,2026-08-22,14748.0,Settlement for ORD1046 / PAY1046
TXN1047,2026-08-21,21759.75,Settlement for ORD1047 / PAY1047
TXN1048,2026-08-22,10277.55,Settlement for ORD1048 / PAY1048
TXN1049,2026-08-21,8649.94,Settlement for ORD1049 / PAY1049
TXN1050,2026-08-22,16585.47,Settlement for ORD1050 / PAY1050
TXN1051,2026-08-22,17505.99,Settlement for ORD1051 / PAY1051
TXN1052,2026-08-23,15616.95,Settlement for ORD1052 / PAY1052
TXN1053,2026-08-23,14968.41,Settlement for ORD1053 / PAY1053
TXN1054,2026-08-22,5727.31,Settlement for ORD1054 / PAY1054
TXN1055,2026-08-22,15106.87,Settlement for ORD1055 / PAY1055
TXN1056,2026-08-22,3398.26,Settlement for ORD1056 / PAY1056
TXN1057,2026-08-23,19904.6,Settlement for ORD1057 / PAY1057
TXN1058,2026-08-22,3985.11,Settlement for ORD1058 / PAY1058
TXN1059,2026-08-23,5418.55,Settlement for ORD1059 / PAY1059
TXN1060,2026-08-22,12383.82,Settlement for ORD1060 / PAY1060
TXN1061,2026-08-23,12845.03,Settlement for ORD1061 / PAY1061
TXN1062,2026-08-23,18933.62,Settlement for ORD1062 / PAY1062
TXN1063,2026-08-23,7931.52,Settlement for ORD1063 / PAY1063
TXN1064,2026-08-23,15009.66,Settlement for ORD1064 / PAY1064
TXN1065,2026-08-22,23721.17,Settlement for ORD1065 / PAY1065
TXN1066,2026-08-22,675.18,Settlement for ORD1066 / PAY1066
TXN1067,2026-08-24,17959.23,Settlement for ORD1067 / PAY1067
TXN1068,2026-08-24,6907.99,Settlement for ORD1068 / PAY1068
TXN1069,2026-08-24,20513.02,Settlement for ORD1069 / PAY1069
TXN1070,2026-08-24,20716.42,Settlement for ORD1070 / PAY1070
TXN1071,2026-08-22,12435.76,Settlement for ORD1071 / PAY1071
TXN1072,2026-08-22,15688.47,Settlement for ORD1072 / PAY1072
TXN1073,2026-08-22,19930.3,Settlement for ORD1073 / PAY1073
TXN1074,2026-08-24,20386.58,Settlement for ORD1074 / PAY1074
TXN1075,2026-08-22,18065.93,Settlement for ORD1075 / PAY1075
TXN1076,2026-08-24,24193.89,Settlement for ORD1076 / PAY1076
TXN1077,2026-08-24,7462.46,Settlement for ORD1077 / PAY1077
TXN1078,2026-08-22,3730.71,Settlement for ORD1078 / PAY1078
TXN1079,2026-08-24,16973.04,Settlement for ORD1079 / PAY1079
TXN1080,2026-08-24,1853.82,Settlement for ORD1080 / PAY1080
TXN1081,2026-08-23,24089.48,Settlement for ORD1081 / PAY1081
TXN1082,2026-08-24,20303.88,Settlement for ORD1082 / PAY1082
TXN1083,2026-08-22,1069.12,Settlement for ORD1083 / PAY1083
TXN1084,2026-08-23,22784.12,Settlement for ORD1084 / PAY1084
TXN1085,2026-08-23,2153.64,Settlement for ORD1085 / PAY1085
TXN1086,2026-08-23,17317.94,Settlement for ORD1086 / PAY1086
TXN1087,2026-08-23,19448.46,Settlement for ORD1087 / PAY1087
TXN1088,2026-08-23,15141.03,Settlement for ORD1088 / PAY1088
TXN1089,2026-08-22,20609.71,Settlement for ORD1089 / PAY1089
TXN1090,2026-08-23,13493.1,Settlement for ORD1090 / PAY1090
TXN1091,2026-08-23,16724.82,Settlement for ORD1091 / PAY1091
TXN1092,2026-08-23,18134.03,Settlement for ORD1092 / PAY1092
TXN1093,2026-08-24,18809.66,Settlement for ORD1093 / PAY1093
TXN1094,2026-08-24,1806.86,Settlement for ORD1094 / PAY1094
TXN1095,2026-08-24,20307.81,Settlement for ORD1095 / PAY1095
TXN1096,2026-08-23,3245.41,Settlement for ORD1096 / PAY1096
TXN1097,2026-08-24,9503.99,Settlement for ORD1097 / PAY1097
TXN1098,2026-08-23,20710.07,Settlement for ORD1098 / PAY1098
TXN1099,2026-08-23,17476.71,Settlement for ORD1099 / PAY1099
TXN1100,2026-08-23,21660.73,Settlement for ORD1100 / PAY1100
TXN1101A,2026-08-24,8952.17,Settlement for ORD1101 / PAY1101
TXN1101B,2026-08-25,-8952.17,Refund payout for PAY1101
TXN1102A,2026-08-23,5724.2,Settlement for ORD1102 / PAY1102
TXN1102B,2026-08-24,-5724.2,Refund payout for PAY1102
TXN1103,2026-08-24,16390.24,Settlement for ORD1103 / PAY1103
TXN1104,2026-08-28,12859.59,Settlement for ORD1104 / PAY1104
TXN1106,2026-08-24,23137.0,Settlement for ORD1106 / PAY1106
TXN1107,2026-08-23,10400.8,Settlement for ORD1107 / PAY1107
TXN1108A,2026-08-23,11050.08,Settlement for ORD1108 / PAY1108
TXN1108B,2026-08-24,-11050.08,Refund payout for PAY1108
TXN1109,2026-08-27,18039.78,Settlement for ORD1109 / PAY1109
TXN1110A,2026-08-23,7581.68,Settlement for ORD1110 / PAY1110
TXN1110B,2026-08-24,-7581.68,Refund payout for PAY1110
TXN1111,2026-08-23,12456.47,Settlement for ORD1111 / PAY1111
TXN1112A,2026-08-23,3187.76,Settlement for ORD1112 / PAY1112
TXN1112B,2026-08-24,-3187.76,Refund payout for PAY1112
TXN1113,2026-08-23,14235.56,Settlement for ORD1113 / PAY1113
TXN1114A,2026-08-24,13595.02,Settlement for ORD1114 / PAY1114
TXN1114B,2026-08-25,-13595.02,Refund payout for PAY1114
TXN1115,2026-08-24,20534.75,Settlement for ORD1115 / PAY1115
TXN1116,2026-08-23,13512.27,Settlement for ORD1116 / PAY1116
TXN1117,2026-08-24,13362.52,Settlement for ORD1117 / PAY1117
TXN1119,2026-08-26,20689.12,Settlement for ORD1119 / PAY1119
TXN1120,2026-08-23,22854.92,Settlement for ORD1120 / PAY1120
TXN1121A,2026-08-23,18462.24,Settlement for ORD1121 / PAY1121
TXN1121B,2026-08-24,-18462.24,Refund payout for PAY1121
TXN1122,2026-08-23,21130.53,Settlement for ORD1122 / PAY1122
TXN1123,2026-08-24,6496.73,Settlement for ORD1123 / PAY1123
TXN1124,2026-08-23,14834.72,Settlement for ORD1124 / PAY1124
TXN1125,2026-08-23,5027.32,Settlement for ORD1125 / PAY1125
TXN1126,2026-08-23,7369.87,Settlement for ORD1126 / PAY1126
TXN1127,2026-08-23,7207.87,Settlement for ORD1127 / PAY1127
TXN1128A,2026-08-24,2048.58,Settlement for ORD1128 / PAY1128
TXN1128B,2026-08-25,-2048.58,Refund payout for PAY1128
TXN1129,2026-08-24,20477.49,Settlement for ORD1129 / PAY1129
TXN1130,2026-08-24,22317.17,Settlement for ORD1130 / PAY1130
TXN1131,2026-08-24,7590.91,Settlement for ORD1131 / PAY1131
TXN1132,2026-08-24,15591.8,Settlement for ORD1132 / PAY1132
TXN1134A,2026-08-24,2415.23,Settlement for ORD1134 / PAY1134
TXN1134B,2026-08-25,-2415.23,Refund payout for PAY1134
TXN1135A,2026-08-25,4661.88,Settlement for ORD1135 / PAY1135
TXN1135B,2026-08-26,-4661.88,Refund payout for PAY1135
TXN1136,2026-08-24,5090.58,Settlement for ORD1136 / PAY1136
TXN1137,2026-08-25,10890.76,Settlement for ORD1137 / PAY1137
TXN1140,2026-08-25,11277.64,Settlement for ORD1140 / PAY1140
TXN1141A,2026-08-25,12786.22,Settlement for ORD1141 / PAY1141
TXN1141B,2026-08-26,-12786.22,Refund payout for PAY1141
TXN1143,2026-08-28,16910.74,Settlement for ORD1143 / PAY1143
TXN1144,2026-08-24,17436.22,Settlement for ORD1144 / PAY1144
TXN1145A,2026-08-24,4796.22,Settlement for ORD1145 / PAY1145
TXN1145B,2026-08-25,-4796.22,Refund payout for PAY1145
TXN1146,2026-08-25,6407.92,Settlement for ORD1146 / PAY1146
TXN1147,2026-08-25,22058.22,Settlement for ORD1147 / PAY1147
TXN1148A,2026-08-24,16480.42,Settlement for ORD1148 / PAY1148
TXN1148B,2026-08-25,-16480.42,Refund payout for PAY1148
TXN1150,2026-08-25,8486.28,Settlement for ORD1150 / PAY1150
TXN1151A,2026-08-25,8185.67,Settlement for ORD1151 / PAY1151
TXN1151B,2026-08-26,-8185.67,Refund payout for PAY1151
TXN1152,2026-08-27,12194.61,Settlement for ORD1152 / PAY1152
TXN1153,2026-08-25,13742.71,Settlement for ORD1153 / PAY1153
TXN1154,2026-08-24,13234.96,Settlement for ORD1154 / PAY1154
TXN1155,2026-08-24,11559.89,Settlement for ORD1155 / PAY1155
TXN1156,2026-08-25,3812.31,Settlement for ORD1156 / PAY1156
TXN1157A,2026-08-24,3911.18,Settlement for ORD1157 / PAY1157
TXN1157B,2026-08-25,-3911.18,Refund payout for PAY1157
TXN1158,2026-08-27,14830.96,Settlement for ORD1158 / PAY1158
TXN1159,2026-08-24,5673.08,Settlement for ORD1159 / PAY1159
TXN1160,2026-08-24,4970.88,Settlement for ORD1160 / PAY1160
TXN1163,2026-08-24,17590.77,Settlement for ORD1163 / PAY1163
TXN1164,2026-08-24,11353.7,Settlement for ORD1164 / PAY1164
TXN1165A,2026-08-25,13809.05,Settlement for ORD1165 / PAY1165
TXN1165B,2026-08-26,-13809.05,Refund payout for PAY1165
TXN1166,2026-08-24,11021.47,Settlement for ORD1166 / PAY1166
TXN1167,2026-08-26,11607.74,Settlement for ORD1167 / PAY1167
TXN1168,2026-08-25,4425.88,Settlement for ORD1168 / PAY1168
TXN1169,2026-08-26,19211.65,Settlement for ORD1169 / PAY1169
TXN1170,2026-08-25,10344.12,Settlement for ORD1170 / PAY1170
TXN1171,2026-08-26,12961.98,Settlement for ORD1171 / PAY1171
TXN1173,2026-08-26,6080.28,Settlement for ORD1173 / PAY1173
TXN1174,2026-08-27,15167.03,Settlement for ORD1174 / PAY1174
TXN1175,2026-08-28,5264.11,Settlement for ORD1175 / PAY1175
TXN1176,2026-08-26,11848.66,Settlement for ORD1176 / PAY1176
TXN1177,2026-08-26,7260.09,Settlement for ORD1177 / PAY1177
TXN1178A,2026-08-26,5612.71,Settlement for ORD1178 / PAY1178
TXN1178B,2026-08-27,-5612.71,Refund payout for PAY1178
TXN1179,2026-08-26,22536.36,Settlement for ORD1179 / PAY1179
TXN1180,2026-08-30,20064.21,Settlement for ORD1180 / PAY1180
TXN1185,2026-08-26,7980.67,Settlement for ORD1185 / PAY1185
TXN1186,2026-08-26,22724.66,Settlement for ORD1186 / PAY1186
TXN1187,2026-08-25,19704.54,Settlement for ORD1187 / PAY1187
TXN1188,2026-08-28,19459.03,Settlement for ORD1188 / PAY1188
TXN1189,2026-08-25,19768.52,Settlement for ORD1189 / PAY1189
TXN1190A,2026-08-25,4398.87,Settlement for ORD1190 / PAY1190
TXN1190B,2026-08-26,-4398.87,Refund payout for PAY1190
TXN1191,2026-08-27,13633.79,Settlement for ORD1191 / PAY1191
TXN1192,2026-08-25,11443.79,Settlement for ORD1192 / PAY1192
TXN1193,2026-08-25,23827.45,Settlement for ORD1193 / PAY1193
TXN1195,2026-08-26,8717.68,Settlement for ORD1195 / PAY1195
TXN1196,2026-08-25,17625.73,Settlement for ORD1196 / PAY1196
TXN1197,2026-08-26,11673.76,Settlement for ORD1197 / PAY1197
TXN1198,2026-08-25,2765.46,Settlement for ORD1198 / PAY1198
TXN1199,2026-08-26,19582.35,Settlement for ORD1199 / PAY1199
TXN1200A,2026-08-27,12889.07,Settlement for ORD1200 / PAY1200
TXN1200B,2026-08-28,-12889.07,Refund payout for PAY1200
